solver,cx,time
SCIP,1.0932155030911392,0.604898774
HiGHS,1.0932155030911392,1.017726697
GLPK,1.0932155030911392,0.181752665
CPLEX,1.0932155030911392,0.166827894
