solver,cx,time
SCIP,1.0932155030911392,0.621721133
HiGHS,1.0932155030911392,1.044245291
GLPK,1.0932155030911392,0.186602101
