solver,cx,time
SCIP,1.0932155030911392,0.618637399
HiGHS,1.0932155030911392,1.033386515
GLPK,1.0932155030911392,0.18376915
