solver,cx,time
Ipopt,1.1292880309223052,1.156900463
ECOS,1.1174698810690464,6.196688249
Cbc,1.0932155030911392,0.067366626
GLPK,1.0932155030911392,0.17855721
HiGHS,1.0932155030911392,0.12417695
MadNLP,1.1225772901028708,3.058641395
SCIP,1.097240301973474,0.570778702
SDPA,1.1190024348964869,2.535725277
Tulip,1.1237131677674617,0.302582647
CPLEX,1.0932155030911392,0.084858273
